user_15,26
user_3,20
user_40,26
user_14,23
user_35,24
user_37,20
user_38,33
user_0,35
user_1,38
user_5,43
user_8,42
user_29,47
user_7,47
user_9,43
user_39,48
user_10,47
user_6,46
user_18,49
user_12,43
user_26,40
user_32,51
user_34,49
user_13,52
user_41,48
user_44,51
user_46,48
user_23,52
user_42,58
user_50,58
user_17,55
user_19,61
user_49,50
user_20,56
user_4,50
user_30,56
user_21,68
user_48,55
user_25,63
user_45,53
user_47,54
user_2,72
user_22,67
user_33,72
user_27,69
user_31,69
user_43,71
user_59,31
user_36,78
user_51,71
user_11,71
user_3,52
user_53,70
user_16,101
user_5,56
user_6,64
user_33,36
user_14,87
user_28,119
user_37,93
user_0,93
user_58,75
user_185,47
user_1,100
user_68,78
user_8,105
user_70,81
user_128,79
user_25,79
user_189,57
user_29,107
user_9,106
user_54,84
user_7,107
user_72,108
user_88,83
user_10,110
user_18,110
user_24,153
user_84,84
user_26,113
user_34,111
user_32,116
user_41,114
user_55,112
user_35,131
user_87,87
user_59,88
user_93,88
user_57,115
user_40,133
user_38,135
user_23,117
user_15,136
user_46,118
user_44,120
user_28,52
user_42,121
user_50,122
user_179,52
user_114,98
user_52,151
user_19,131
user_198,59
user_30,132
user_71,131
user_4,136
user_39,158
user_62,135
user_64,139
user_127,106
user_21,137
user_20,143
user_67,141
user_82,136
user_2,135
user_134,138
user_69,166
user_68,66
user_48,142
user_22,140
user_47,145
user_81,146
user_83,146
user_9,68
user_56,145
user_76,174
user_153,117
user_90,150
user_43,150
user_98,153
user_13,188
user_160,158
user_11,159
user_51,184
user_14,146
user_108,151
user_164,154
user_106,148
user_103,184
user_157,160
user_75,201
user_86,203
user_151,124
user_148,173
user_158,165
user_147,172
user_36,200
user_92,200
user_33,167
user_100,162
user_146,175
user_91,189
user_96,176
user_89,220
user_94,189
user_189,145
user_142,193
user_193,166
user_121,209
user_118,209
user_131,204
user_123,210
user_77,207
user_60,207
user_175,214
user_124,209
user_97,225
user_125,208
user_61,243
user_85,204
user_105,219
user_112,216
user_150,169
user_143,200
user_139,202
user_101,158
user_12,258
user_135,206
user_128,147
user_130,211
user_152,197
user_144,189
user_73,204
user_66,208
user_31,220
user_187,168
user_99,223
user_184,213
user_126,206
user_197,165
user_17,252
user_117,220
user_155,184
user_65,207
user_49,241
user_6,186
user_53,208
user_3,225
user_119,186
user_67,118
user_172,199
user_71,130
user_81,113
user_45,263
user_19,144
user_83,118
user_15,168
user_40,175
user_25,195
user_165,221
user_98,110
user_41,182
user_102,183
user_26,185
user_44,174
user_46,177
user_76,123
user_55,184
user_156,190
user_159,230
user_168,183
user_123,51
user_35,187
user_54,203
user_104,236
user_162,236
user_161,238
user_1,214
user_34,193
user_154,199
user_95,283
user_145,252
user_7,208
user_27,285
user_29,211
user_129,225
user_133,223
user_23,190
user_72,205
user_137,259
user_84,201
user_58,227
user_141,260
user_195,228
user_79,293
user_180,237
user_115,277
user_109,300
user_176,241
user_178,123
user_160,126
user_57,200
user_166,129
user_9,148
user_56,148
user_127,166
user_74,277
user_21,170
user_64,170
user_68,165
user_164,84
user_140,228
user_198,180
user_153,151
user_50,197
user_0,248
user_18,221
user_114,192
user_30,186
user_111,257
user_192,203
user_171,260
user_48,174
user_39,184
user_181,209
user_16,287
user_149,165
user_116,210
user_4,188
user_62,187
user_69,179
user_47,172
user_194,208
user_11,147
user_22,177
user_163,277
user_40,50
user_59,226
user_173,271
user_87,230
user_131,97
user_82,192
user_108,107
user_124,106
user_17,100
user_199,276
user_196,276
user_138,312
user_120,284
user_188,282
user_5,317
user_80,320
user_37,291
user_14,146
user_167,295
user_36,137
user_158,139
user_92,140
user_132,288
user_70,283
user_103,154
user_38,261
user_86,142
user_10,278
user_90,207
user_33,150
user_52,248
user_88,284
user_100,152
user_28,267
user_2,239
user_93,277
user_146,153
user_45,116
user_13,213
user_43,226
user_177,211
user_157,167
user_20,255
user_96,161
user_32,297
user_60,160
user_78,358
user_144,159
user_73,159
user_97,164
user_101,165
user_184,161
user_165,126
user_98,126
user_102,125
user_128,167
user_197,166
user_112,171
user_135,171
user_130,171
user_175,176
user_12,173
user_134,271
user_66,173
user_117,169
user_24,326
user_145,127
user_99,178
user_95,129
user_49,177
user_147,214
user_141,131
user_31,190
user_3,184
user_176,135
user_172,177
user_127,133
user_191,217
user_74,134
user_126,199
user_148,220
user_71,178
user_195,130
user_137,136
user_179,330
user_94,218
user_50,137
user_75,230
user_15,183
user_30,141
user_148,6
user_85,222
user_189,228
user_150,223
user_91,231
user_77,226
user_42,352
user_106,259
user_25,190
user_142,238
user_105,234
user_41,194
user_61,238
user_173,146
user_26,193
user_76,194
user_108,145
user_143,241
user_123,191
user_156,195
user_125,243
user_55,196
user_168,195
user_159,197
user_104,196
user_34,195
user_35,197
user_54,196
user_187,242
user_1,198
user_161,198
user_53,242
user_154,197
user_7,198
user_188,146
user_79,195
user_72,200
user_29,198
user_162,205
user_58,199
user_14,145
user_180,198
user_133,202
user_109,199
user_67,241
user_132,142
user_81,237
user_84,208
user_57,204
user_68,195
user_9,204
user_18,195
user_23,211
user_21,199
user_198,198
user_118,277
user_51,286
user_103,147
user_0,204
user_164,206
user_153,206
user_33,148
user_83,248
user_39,203
user_171,206
user_181,206
user_16,206
user_47,207
user_194,206
user_62,210
user_116,212
user_139,294
user_69,210
user_59,206
user_149,212
user_11,210
user_30,76
user_89,302
user_193,302
user_87,209
user_46,258
user_82,209
user_44,260
user_78,144
user_131,212
user_152,304
user_101,143
user_135,142
user_117,141
user_124,214
user_134,145
user_120,213
user_138,215
user_199,217
user_80,213
user_167,211
user_5,217
user_49,141
user_56,265
user_99,146
user_166,268
user_129,275
user_115,268
user_114,260
user_64,264
user_88,202
user_151,353
user_100,200
user_19,308
user_92,219
user_140,270
user_90,212
user_74,135
user_2,205
user_52,213
user_36,228
user_45,202
user_50,136
user_192,271
user_43,200
user_146,206
user_111,272
user_48,272
user_157,202
user_189,133
user_4,273
user_163,269
user_13,205
user_22,270
user_20,203
user_91,137
user_144,201
user_32,207
user_73,204
user_184,204
user_98,203
user_26,133
user_102,207
user_55,133
user_125,135
user_65,371
user_6,370
user_197,207
user_168,138
user_175,207
user_27,326
user_196,274
user_12,210
user_17,278
user_130,212
user_24,208
user_119,372
user_37,277
user_145,209
user_86,266
user_38,266
user_31,199
user_180,135
user_127,196
user_28,262
user_3,206
user_14,141
user_84,138
user_198,135
user_21,136
user_93,267
user_70,286
user_195,198
user_179,198
user_94,201
user_153,134
user_75,199
user_96,262
user_40,328
user_150,196
user_77,197
user_15,204
user_85,200
user_60,266
user_106,194
user_42,203
user_97,264
user_62,136
user_41,198
user_82,133
user_123,195
user_156,196
user_112,267
user_76,201
user_159,197
user_128,271
user_108,203
user_155,436
user_104,203
user_35,199
user_1,201
user_160,388
user_154,200
user_34,205
user_158,335
user_178,393
user_7,201
user_161,205
user_72,203
user_95,279
user_79,207
user_29,207
user_176,270
user_133,208
user_162,211
user_58,212
user_67,209
user_132,210
user_188,208
user_9,207
user_172,273
user_10,351
user_57,212
user_68,218
user_182,665
user_126,276
user_71,278
user_92,148
user_103,216
user_118,218
user_51,217
user_174,669
user_177,343
user_164,213
user_121,502
user_171,212
user_39,216
user_83,217
user_181,212
user_33,222
user_16,215
user_194,213
user_89,207
user_11,209
user_69,214
user_91,151
user_116,221
user_30,217
user_59,218
user_149,218
user_47,225
user_193,219
user_78,215
user_105,284
user_173,283
user_46,222
user_44,219
user_165,357
user_66,350
user_101,217
user_26,156
user_187,279
user_53,278
user_87,222
user_124,215
user_6,152
user_199,214
user_138,215
user_120,216
user_80,214
user_5,215
user_49,213
user_134,217
user_167,219
user_56,215
user_141,350
user_114,211
user_86,152
user_166,215
user_137,339
user_18,277
user_64,213
user_129,214
user_180,152
user_100,213
user_109,290
user_190,730
user_186,732
user_151,217
user_136,766
user_107,777
user_170,738
user_110,779
user_113,778
user_169,743
user_122,736
user_183,739
user_88,224
user_191,350
user_140,220
user_63,737
user_8,723
user_148,350
user_90,227
user_185,742
user_0,293
user_2,227
user_192,224
user_50,226
user_94,160
user_146,227
user_189,221
user_96,162
user_25,353
user_111,230
user_163,228
user_157,229
user_20,229
user_22,231
user_77,166
user_142,360
user_131,287
user_32,227
user_152,287
user_143,355
user_61,360
user_78,78
user_117,281
user_135,285
user_42,201
user_55,252
user_144,267
user_98,259
user_197,221
user_54,352
user_4,273
user_150,212
user_168,257
user_73,270
user_75,225
user_139,346
user_184,269
user_125,267
user_153,230
user_97,201
user_127,245
user_40,224
user_30,128
user_48,298
user_81,383
user_65,271
user_43,299
user_198,239
user_39,147
user_147,454
user_102,270
user_21,240
user_47,130
user_33,145
user_3,242
user_36,300
user_14,252
user_196,266
user_194,144
user_52,301
user_23,379
user_59,139
user_93,238
user_119,269
user_172,179
user_13,301
user_193,142
user_60,237
user_103,169
user_179,248
user_174,171
user_83,161
user_171,164
user_149,146
user_118,172
user_188,185
user_85,240
user_89,157
user_44,139
user_27,284
user_12,282
user_175,286
user_37,258
user_130,263
user_70,238
user_62,216
user_181,149
user_195,237
user_45,299
user_57,179
user_182,163
user_161,217
user_31,251
user_82,208
user_106,217
user_115,316
user_24,261
user_74,303
user_16,170
user_99,347
user_158,219
user_29,212
user_79,215
user_28,275
user_11,175
user_133,211
user_104,233
user_92,195
user_9,207
user_71,196
user_34,233
user_145,296
user_7,231
user_178,233
user_123,250
user_116,174
user_105,171
user_108,245
user_96,111
user_76,252
user_154,242
user_94,124
user_4,60
user_73,62
user_38,315
user_80,169
user_1,260
user_41,278
user_180,163
user_87,183
user_126,233
user_2,149
user_164,230
user_121,224
user_84,322
user_160,276
user_35,278
user_95,264
user_51,242
user_19,396
user_132,258
user_137,188
user_159,297
user_69,230
user_53,212
user_67,274
user_17,365
user_156,311
user_112,311
user_155,304
user_98,117
user_113,192
user_66,225
user_72,287
user_91,239
user_128,306
user_199,212
user_184,111
user_58,284
user_167,208
user_55,122
user_20,168
user_0,186
user_129,207
user_185,188
user_186,204
user_148,192
user_136,205
user_32,169
user_168,121
user_107,207
user_75,121
user_117,163
user_109,210
user_170,207
user_114,217
user_77,176
user_144,131
user_138,224
user_54,127
user_124,234
user_110,209
user_56,221
user_141,221
user_63,203
user_86,220
user_18,218
user_10,289
user_176,295
user_190,214
user_5,227
user_88,204
user_166,222
user_140,206
user_120,230
user_169,211
user_101,244
user_191,208
user_157,186
user_46,250
user_163,188
user_177,281
user_192,201
user_146,196
user_25,195
user_142,187
user_165,247
user_8,205
user_22,187
user_89,99
user_197,145
user_78,187
user_196,104
user_33,108
user_150,153
user_68,305
user_30,107
user_100,244
user_42,163
user_189,219
user_187,269
user_49,256
user_99,113
user_36,119
user_16,117
user_139,163
user_175,137
user_64,261
user_125,157
user_143,215
user_111,232
user_61,216
user_173,294
user_134,275
user_90,245
user_122,251
user_15,397
user_186,61
user_158,143
user_73,118
user_29,147
user_135,205
user_28,151
user_79,152
user_103,151
user_59,152
user_44,153
user_119,153
user_126,114
user_118,153
user_47,152
user_23,150
user_188,154
user_174,153
user_101,59
user_3,154
user_40,154
user_48,155
user_81,156
user_102,157
user_92,156
user_43,157
user_11,157
user_133,160
user_127,157
user_27,161
user_65,159
user_147,159
user_12,164
user_153,159
user_198,163
user_34,159
user_57,161
user_6,315
user_151,296
user_181,161
user_74,165
user_21,167
user_50,281
user_161,167
user_162,385
user_82,172
user_69,120
user_108,170
user_37,169
user_45,176
user_105,175
user_116,176
user_31,179
user_182,182
user_106,182
user_53,130
user_154,174
user_131,281
user_7,183
user_178,184
user_71,181
user_94,182
user_152,292
user_4,186
user_0,130
user_183,327
user_80,188
user_136,139
user_169,131
user_83,234
user_41,202
user_172,233
user_52,237
user_1,210
user_2,196
user_179,244
user_8,155
user_85,255
user_171,256
user_180,213
user_87,219
user_121,216
user_93,260
user_14,257
user_39,268
user_97,270
user_26,431
user_9,273
user_149,283
user_33,172
user_19,228
user_24,276
user_159,237
user_76,283
user_132,237
user_137,241
user_70,291
user_195,294
user_123,292
user_145,293
user_66,234
user_58,233
user_91,236
user_17,237
user_16,185
user_98,238
user_155,236
user_130,293
user_72,247
user_184,245
user_148,245
user_32,245
user_168,246
user_90,192
user_109,248
user_13,330
user_167,244
user_75,245
user_146,241
user_144,253
user_117,256
user_163,241
user_54,255
user_120,245
user_142,248
user_107,263
user_138,261
user_194,345
user_38,321
user_22,250
user_88,252
user_141,251
user_5,250
user_56,251
user_176,250
user_166,256
user_192,256
user_60,353
user_77,257
user_114,257
user_164,315
user_191,262
user_84,313
user_95,315
user_197,260
user_25,269
user_160,315
user_89,269
user_188,215
user_104,369
user_196,267
user_115,367
user_135,217
user_193,378
user_30,270
user_27,221
user_62,376
user_12,221
user_42,271
user_100,272
user_68,269
user_96,378
user_187,273
user_74,223
user_112,326
user_67,328
user_151,228
user_128,329
user_139,278
user_99,282
user_199,331
user_105,218
user_64,276
user_55,332
user_129,332
user_111,279
user_122,279
user_175,288
user_125,287
user_177,322
user_170,337
user_143,287
user_113,345
user_124,341
user_157,331
user_140,331
user_186,289
user_86,332
user_69,245
user_18,331
user_10,332
user_29,287
user_158,293
user_165,337
user_110,339
user_73,294
user_78,339
user_35,396
user_80,228
user_28,295
user_47,293
user_119,295
user_51,400
user_48,292
user_118,300
user_101,298
user_3,297
user_23,299
user_102,299
user_147,294
user_65,296
user_11,297
user_34,294
user_43,298
user_133,297
user_150,350
user_127,296
user_49,348
user_162,290
user_161,291
user_50,291
user_153,303
user_36,349
user_81,305
user_57,297
user_182,288
user_45,293
user_76,182
user_106,287
user_178,284
user_16,174
user_20,406
user_130,176
user_185,409
user_108,306
user_134,353
user_131,296
user_0,286
user_152,289
user_75,162
user_94,292
user_148,167
user_71,302
user_190,402
user_144,166
user_117,166
user_44,354
user_63,409
user_38,159
user_103,356
user_176,158
user_2,274
user_41,282
user_186,84
user_79,361
user_180,260
user_52,279
user_54,176
user_120,171
user_191,156
user_8,261
user_88,167
user_171,263
user_77,164
user_174,367
user_59,370
user_121,263
user_14,257
user_93,263
user_126,373
user_197,164
user_9,250
user_92,369
user_97,262
user_115,159
user_135,157
user_198,372
user_39,259
user_26,256
user_159,255
user_62,168
user_149,274
user_33,273
user_24,270
user_53,367
user_21,383
user_70,257
user_6,387
user_181,391
user_132,266
user_31,373
user_17,255
user_67,165
user_145,261
user_66,261
user_82,396
user_173,443
user_7,381
user_154,383
user_91,269
user_46,483
user_155,267
user_98,272
user_55,174
user_167,255
user_72,265
user_13,258
user_32,262
user_61,461
user_90,263
user_183,385
user_184,272
user_125,181
user_109,271
user_163,264
user_168,274
user_138,265
user_170,190
user_166,257
user_172,379
user_107,269
user_22,262
user_124,187
user_1,374
user_136,395
user_5,267
user_192,261
user_179,372
user_194,279
user_169,401
user_87,375
user_83,399
user_142,290
user_60,285
user_141,285
user_40,483
user_160,276
user_41,126
user_104,271
user_48,192
user_189,530
user_196,278
user_187,262
user_188,281
user_100,284
user_27,290
user_193,297
user_123,371
user_195,373
user_19,391
user_57,208
user_37,501
user_156,615
user_137,389
user_96,296
user_116,501
user_112,295
user_99,292
user_45,217
user_139,295
user_15,563
user_129,290
user_128,297
user_64,297
user_111,291
user_16,221
user_4,502
user_122,297
user_113,296
user_146,381
user_10,286
user_29,286
user_85,488
user_86,312
user_18,312
user_56,393
user_84,386
user_114,401
user_165,324
user_164,404
user_51,317
user_101,311
user_93,252
user_174,254
user_12,405
user_25,438
user_54,290
user_47,359
user_81,337
user_35,367
user_8,295
user_161,340
user_119,368
user_153,342
user_3,362
user_28,370
user_89,450
user_42,437
user_50,353
user_162,355
user_102,365
user_34,356
user_68,439
user_11,357
user_9,291
user_151,435
user_36,366
user_127,355
user_106,357
user_70,279
user_147,360
user_58,529
user_178,371
user_134,371
user_20,373
user_108,369
user_131,369
user_143,441
user_177,450
user_157,438
user_72,291
user_75,383
user_148,384
user_136,270
user_55,292
user_38,381
user_32,302
user_44,387
user_158,460
user_63,389
user_192,322
user_140,512
user_71,445
user_22,330
user_61,348
user_107,327
user_144,441
user_186,380
user_117,388
user_78,457
user_110,462
user_69,462
user_125,342
user_166,340
user_183,352
user_124,328
user_73,505
user_84,202
user_179,320
user_152,447
user_1,335
user_0,458
user_185,468
user_27,285
user_145,385
user_168,349
user_16,249
user_56,208
user_193,292
user_197,438
user_7,381
user_23,513
user_130,470
user_52,453
user_182,480
user_175,532
user_170,332
user_65,499
user_41,316
user_194,317
user_103,455
user_62,402
user_88,451
user_39,421
user_76,482
user_121,450
user_109,352
user_80,526
user_26,423
user_43,490
user_14,449
user_115,432
user_105,550
user_95,609
user_82,383
user_135,421
user_59,450
user_173,399
user_126,440
user_40,318
user_159,421
user_85,233
user_133,511
user_122,267
user_30,587
user_92,452
user_162,160
user_150,515
user_111,282
user_77,450
user_172,329
user_90,357
user_167,369
user_138,340
user_180,454
user_94,458
user_2,459
user_190,453
user_176,460
user_129,253
user_6,396
user_169,358
user_131,127
user_128,291
user_139,293
user_171,479
user_66,384
user_74,565
user_10,254
user_5,380
user_191,462
user_113,289
user_45,311
user_98,429
user_15,310
user_114,262
user_67,455
user_154,452
user_116,339
user_42,206
user_64,320
user_21,471
user_13,443
user_46,454
user_75,152
user_134,174
user_37,349
user_184,429
user_17,467
user_91,462
user_55,148
user_148,157
user_199,634
user_19,364
user_34,212
user_24,483
user_137,357
user_174,293
user_149,515
user_48,429
user_198,527
user_142,439
user_188,421
user_53,517
user_60,427
user_196,428
user_156,397
user_187,430
user_49,615
user_89,264
user_163,481
user_104,435
user_97,548
user_141,437
user_120,573
user_57,400
user_87,451
user_195,401
user_12,304
user_32,202
user_36,261
user_93,321
user_165,344
user_161,291
user_155,527
user_158,211
user_119,289
user_68,279
user_177,236
user_143,242
user_58,260
user_96,421
user_181,542
user_8,291
user_50,290
user_136,227
user_147,271
user_72,236
user_47,303
user_146,392
user_151,281
user_164,351
user_86,362
user_127,276
user_108,257
user_70,279
user_81,312
user_11,295
user_28,305
user_112,432
user_29,384
user_123,449
user_54,315
user_3,311
user_159,148
user_101,367
user_31,573
user_168,144
user_182,149
user_126,168
user_129,159
user_7,164
user_153,341
user_84,166
user_43,173
user_130,173
user_128,169
user_100,496
user_23,178
user_59,183
user_189,527
user_83,539
user_160,525
user_117,179
user_139,188
user_118,727
user_79,665
user_39,195
user_106,346
user_4,474
user_25,383
user_22,242
user_107,237
user_44,298
user_140,245
user_156,108
user_1,197
user_18,452
user_102,381
user_20,350
user_157,341
user_38,327
user_21,187
user_88,234
user_85,237
user_135,236
user_170,234
user_173,236
user_62,237
user_76,237
user_179,232
user_26,233
user_0,234
user_197,236
user_150,237
user_190,240
user_56,230
user_65,241
user_78,234
user_94,243
user_103,243
user_82,244
user_175,244
user_80,236
user_133,241
user_105,245
user_131,245
user_125,239
user_40,251
user_92,252
user_144,268
user_69,244
user_122,253
user_6,251
user_2,251
user_186,247
user_145,248
user_183,248
user_61,293
user_166,252
user_132,684
user_176,250
user_66,252
user_27,242
user_193,244
user_95,252
user_10,250
user_169,253
user_71,302
user_35,442
user_120,169
user_191,265
user_60,187
user_113,260
user_192,320
user_178,415
user_15,255
user_98,258
user_89,184
user_114,254
user_161,170
user_51,510
user_184,246
user_96,171
user_46,250
user_181,173
user_13,255
user_37,252
user_64,256
user_134,251
user_42,261
user_154,262
user_75,265
user_81,177
user_24,255
user_137,255
user_138,312
user_91,262
user_111,316
user_108,183
user_115,317
user_17,267
user_52,315
user_109,316
user_185,315
user_167,333
user_162,334
user_172,325
user_63,388
user_99,632
user_74,325
user_152,334
user_121,341
user_77,333
user_124,337
user_129,177
user_5,335
user_144,96
user_149,265
user_48,266
user_53,264
user_49,256
user_104,256
user_188,267
user_142,269
user_141,256
user_196,261
user_163,259
user_12,254
user_195,256
user_36,252
user_107,157
user_67,323
user_177,246
user_155,248
user_58,246
user_158,247
user_165,252
user_136,245
user_72,245
user_86,243
user_116,336
user_19,325
user_28,247
user_112,247
user_73,376
user_135,150
user_194,384
user_123,253
user_101,241
user_31,243
user_182,242
user_179,155
user_159,248
user_80,153
user_105,155
user_180,394
user_90,395
user_183,150
user_100,226
user_61,150
user_153,240
user_122,161
user_128,242
user_187,321
user_117,234
user_97,323
user_130,246
user_139,235
user_57,326
user_118,230
user_83,233
user_171,408
user_174,337
user_93,329
user_126,252
user_4,234
user_113,161
user_140,244
user_18,239
user_156,234
user_157,229
user_46,164
user_64,161
user_38,233
user_173,225
user_65,219
user_146,332
user_62,222
user_56,220
user_168,314
user_143,322
user_119,323
user_170,229
user_133,223
user_155,104
user_73,88
user_43,301
user_110,468
user_198,391
user_184,163
user_74,142
user_151,332
user_160,297
user_172,148
user_84,312
user_166,225
user_78,222
user_186,233
user_51,162
user_6,231
user_132,231
user_25,291
user_68,376
user_120,218
user_99,143
user_176,233
user_35,227
user_147,333
user_106,296
user_60,221
user_15,220
user_79,301
user_20,279
user_87,392
user_181,170
user_104,146
user_69,253
user_13,211
user_189,323
user_134,212
user_154,206
user_191,235
user_137,200
user_37,216
user_190,270
user_82,270
user_94,270
user_88,279
user_197,274
user_138,206
user_178,239
user_114,232
user_102,301
user_23,339
user_70,390
user_162,188
user_63,187
user_76,283
user_150,281
user_121,182
user_109,204
user_17,210
user_127,399
user_145,274
user_193,266
user_100,121
user_167,199
user_192,252
user_8,413
user_89,250
user_164,406
user_188,179
user_77,192
user_199,486
user_182,143
user_124,196
user_141,184
user_196,183
user_110,65
user_142,184
user_27,279
user_163,187
user_118,114
user_99,51
user_131,302
user_58,183
user_111,237
user_156,90
user_185,230
user_52,234
user_115,237
user_159,158
user_175,308
user_85,320
user_165,187
user_195,193
user_152,216
user_140,101
user_10,296
user_105,154
user_177,195
user_92,312
user_90,154
user_183,155
user_148,516
user_83,133
user_49,211
user_103,322
user_158,201
user_61,161
user_147,71
user_122,158
user_149,223
user_95,313
user_119,106
user_126,135
user_174,145
user_187,159
user_139,153
user_171,149
user_113,133
user_91,271
user_107,220
user_24,276
user_116,211
user_189,78
user_125,339
user_154,79
user_173,126
user_81,282
user_54,456
user_19,213
user_93,148
user_80,193
user_123,207
user_112,212
user_170,128
user_133,126
user_70,75
user_179,202
user_66,336
user_65,136
user_71,338
user_198,125
user_45,581
user_97,180
user_166,120
user_176,113
user_169,346
user_130,183
user_109,87
user_132,120
user_67,249
user_186,126
user_31,219
user_151,131
user_129,269
user_51,129
user_120,122
user_106,115
user_199,82
user_79,118
user_74,143
user_196,82
user_190,113
user_86,256
user_191,116
user_194,243
user_137,120
user_162,115
user_178,117
user_146,178
user_182,105
user_136,276
user_183,74
user_140,86
user_192,113
user_180,241
user_78,160
user_167,115
user_8,116
user_96,356
user_161,363
user_60,148
user_87,151
user_110,112
user_104,151
user_118,111
user_181,153
user_149,84
user_156,109
user_155,189
user_143,194
user_157,201
user_173,71
user_145,138
user_150,143
user_175,112
user_121,143
user_115,114
user_152,109
user_185,116
user_138,151
user_85,114
user_63,147
user_102,151
user_164,141
user_193,147
user_61,105
user_95,105
user_177,109
user_142,139
user_122,108
user_119,106
user_163,141
user_24,100
user_141,144
user_107,102
user_113,103
user_187,105
user_53,339
user_172,207
user_174,106
user_116,105
user_52,142
user_112,96
user_170,98
user_195,139
user_147,125
user_160,212
user_65,96
user_151,87
user_97,96
user_171,121
user_199,85
user_111,156
user_191,77
user_190,79
user_165,154
user_169,102
user_107,22
user_186,100
user_182,70
user_194,86
user_66,119
user_178,79
user_79,95
user_132,104
user_183,76
user_155,59
user_63,52
user_110,69
user_136,81
user_185,57
user_115,59
user_121,60
user_95,44
user_152,60
user_122,45
user_160,34
user_174,39
user_143,70
user_170,38
user_190,25
user_177,51
user_113,47
user_169,24
user_199,33
user_183,20
user_110,15
user_136,13
user_63,19
user_185,13
user_169,6
user_190,8
user_110,3
user_63,5
